{
  "02_Login" : {
    "transaction" : "02_Login",
    "sampleCount" : 10050,
    "errorCount" : 9600,
    "errorPct" : 95.522385,
    "meanResTime" : 16538.922089552198,
    "medianResTime" : 18268.0,
    "minResTime" : 80.0,
    "maxResTime" : 58487.0,
    "pct1ResTime" : 20913.0,
    "pct2ResTime" : 21193.449999999997,
    "pct3ResTime" : 22641.16999999999,
    "throughput" : 15.198074003278549,
    "receivedKBytesPerSec" : 3.8121052919353424,
    "sentKBytesPerSec" : 3.4284717722239697
  },
  "05_Place_Order" : {
    "transaction" : "05_Place_Order",
    "sampleCount" : 10050,
    "errorCount" : 9689,
    "errorPct" : 96.40796,
    "meanResTime" : 16760.23054726369,
    "medianResTime" : 18584.0,
    "minResTime" : 79.0,
    "maxResTime" : 88448.0,
    "pct1ResTime" : 21001.9,
    "pct2ResTime" : 21277.449999999997,
    "pct3ResTime" : 21529.489999999998,
    "throughput" : 15.199637023593466,
    "receivedKBytesPerSec" : 3.0737585308908044,
    "sentKBytesPerSec" : 4.926828706329401
  },
  "Total" : {
    "transaction" : "Total",
    "sampleCount" : 50250,
    "errorCount" : 39155,
    "errorPct" : 77.920395,
    "meanResTime" : 10088.841791044802,
    "medianResTime" : 15339.0,
    "minResTime" : 17.0,
    "maxResTime" : 88448.0,
    "pct1ResTime" : 19476.0,
    "pct2ResTime" : 20100.0,
    "pct3ResTime" : 21448.0,
    "throughput" : 75.45849482452334,
    "receivedKBytesPerSec" : 185.2999997817898,
    "sentKBytesPerSec" : 17.476856696622313
  },
  "04_Add_To_Cart" : {
    "transaction" : "04_Add_To_Cart",
    "sampleCount" : 10050,
    "errorCount" : 9664,
    "errorPct" : 96.1592,
    "meanResTime" : 16630.050049751186,
    "medianResTime" : 18423.0,
    "minResTime" : 83.0,
    "maxResTime" : 57987.0,
    "pct1ResTime" : 20971.9,
    "pct2ResTime" : 21237.0,
    "pct3ResTime" : 21469.489999999998,
    "throughput" : 15.19986690663803,
    "receivedKBytesPerSec" : 2.944551797705652,
    "sentKBytesPerSec" : 4.347945914752189
  },
  "01_Homepage" : {
    "transaction" : "01_Homepage",
    "sampleCount" : 10050,
    "errorCount" : 202,
    "errorPct" : 2.0099502,
    "meanResTime" : 384.57960199004776,
    "medianResTime" : 36.0,
    "minResTime" : 17.0,
    "maxResTime" : 68430.0,
    "pct1ResTime" : 46.0,
    "pct2ResTime" : 81.44999999999891,
    "pct3ResTime" : 11248.839999999997,
    "throughput" : 15.20324698998401,
    "receivedKBytesPerSec" : 95.47842682416272,
    "sentKBytesPerSec" : 2.405201183962314
  },
  "03_View_Product" : {
    "transaction" : "03_View_Product",
    "sampleCount" : 10050,
    "errorCount" : 10000,
    "errorPct" : 99.50249,
    "meanResTime" : 130.42666666666713,
    "medianResTime" : 22.0,
    "minResTime" : 17.0,
    "maxResTime" : 40188.0,
    "pct1ResTime" : 42.0,
    "pct2ResTime" : 68.0,
    "pct3ResTime" : 96.0,
    "throughput" : 15.20039566403042,
    "receivedKBytesPerSec" : 81.3428336042558,
    "sentKBytesPerSec" : 2.4938149136299903
  }
}