{
  "02_Login" : {
    "transaction" : "02_Login",
    "sampleCount" : 50,
    "errorCount" : 0,
    "errorPct" : 0.0,
    "meanResTime" : 873.9599999999999,
    "medianResTime" : 763.0,
    "minResTime" : 706.0,
    "maxResTime" : 1742.0,
    "pct1ResTime" : 1345.1,
    "pct2ResTime" : 1524.5999999999995,
    "pct3ResTime" : 1742.0,
    "throughput" : 6.48760866744518,
    "receivedKBytesPerSec" : 1.621902166861295,
    "sentKBytesPerSec" : 1.4571777280394447
  },
  "05_Place_Order" : {
    "transaction" : "05_Place_Order",
    "sampleCount" : 50,
    "errorCount" : 0,
    "errorPct" : 0.0,
    "meanResTime" : 793.7399999999998,
    "medianResTime" : 481.5,
    "minResTime" : 364.0,
    "maxResTime" : 1444.0,
    "pct1ResTime" : 1408.9,
    "pct2ResTime" : 1425.3999999999999,
    "pct3ResTime" : 1444.0,
    "throughput" : 6.939625260235947,
    "receivedKBytesPerSec" : 1.3960574253990283,
    "sentKBytesPerSec" : 2.2431796495489245
  },
  "Total" : {
    "transaction" : "Total",
    "sampleCount" : 250,
    "errorCount" : 0,
    "errorPct" : 0.0,
    "meanResTime" : 691.3880000000003,
    "medianResTime" : 594.0,
    "minResTime" : 255.0,
    "maxResTime" : 2288.0,
    "pct1ResTime" : 1400.8,
    "pct2ResTime" : 1524.5999999999985,
    "pct3ResTime" : 2246.0,
    "throughput" : 16.66777785185679,
    "receivedKBytesPerSec" : 64.57865420194679,
    "sentKBytesPerSec" : 3.84465735215681
  },
  "04_Add_To_Cart" : {
    "transaction" : "04_Add_To_Cart",
    "sampleCount" : 50,
    "errorCount" : 0,
    "errorPct" : 0.0,
    "meanResTime" : 490.7599999999998,
    "medianResTime" : 387.5,
    "minResTime" : 370.0,
    "maxResTime" : 1450.0,
    "pct1ResTime" : 977.1999999999996,
    "pct2ResTime" : 1278.199999999999,
    "pct3ResTime" : 1450.0,
    "throughput" : 6.915629322268326,
    "receivedKBytesPerSec" : 1.3304482192254494,
    "sentKBytesPerSec" : 1.9720349239280774
  },
  "01_Homepage" : {
    "transaction" : "01_Homepage",
    "sampleCount" : 50,
    "errorCount" : 0,
    "errorPct" : 0.0,
    "meanResTime" : 979.88,
    "medianResTime" : 664.5,
    "minResTime" : 580.0,
    "maxResTime" : 2288.0,
    "pct1ResTime" : 2182.7,
    "pct2ResTime" : 2246.0,
    "pct3ResTime" : 2288.0,
    "throughput" : 5.418879375745096,
    "receivedKBytesPerSec" : 45.08348884388209,
    "sentKBytesPerSec" : 0.8519917768505473
  },
  "03_View_Product" : {
    "transaction" : "03_View_Product",
    "sampleCount" : 50,
    "errorCount" : 0,
    "errorPct" : 0.0,
    "meanResTime" : 318.59999999999997,
    "medianResTime" : 317.5,
    "minResTime" : 255.0,
    "maxResTime" : 445.0,
    "pct1ResTime" : 399.3,
    "pct2ResTime" : 436.94999999999993,
    "pct3ResTime" : 445.0,
    "throughput" : 6.928086462519053,
    "receivedKBytesPerSec" : 72.11474967957601,
    "sentKBytesPerSec" : 1.1298734758209783
  }
}