{
  "02_Login" : {
    "transaction" : "02_Login",
    "sampleCount" : 300,
    "errorCount" : 0,
    "errorPct" : 0.0,
    "meanResTime" : 703.9533333333338,
    "medianResTime" : 727.5,
    "minResTime" : 375.0,
    "maxResTime" : 1905.0,
    "pct1ResTime" : 998.6000000000005,
    "pct2ResTime" : 1114.9,
    "pct3ResTime" : 1304.3700000000006,
    "throughput" : 4.58848901056882,
    "receivedKBytesPerSec" : 1.147122252642205,
    "sentKBytesPerSec" : 1.030617648858231
  },
  "05_Place_Order" : {
    "transaction" : "05_Place_Order",
    "sampleCount" : 300,
    "errorCount" : 0,
    "errorPct" : 0.0,
    "meanResTime" : 557.6366666666661,
    "medianResTime" : 508.0,
    "minResTime" : 355.0,
    "maxResTime" : 1382.0,
    "pct1ResTime" : 783.3000000000002,
    "pct2ResTime" : 876.6499999999999,
    "pct3ResTime" : 1216.4600000000005,
    "throughput" : 4.646624227498722,
    "receivedKBytesPerSec" : 0.9348911141056022,
    "sentKBytesPerSec" : 1.5019849797871845
  },
  "Total" : {
    "transaction" : "Total",
    "sampleCount" : 1500,
    "errorCount" : 304,
    "errorPct" : 20.266666,
    "meanResTime" : 516.2666666666664,
    "medianResTime" : 459.5,
    "minResTime" : 240.0,
    "maxResTime" : 2587.0,
    "pct1ResTime" : 800.9000000000001,
    "pct2ResTime" : 907.7000000000003,
    "pct3ResTime" : 1216.5400000000004,
    "throughput" : 20.551605080356776,
    "receivedKBytesPerSec" : 74.85963628368751,
    "sentKBytesPerSec" : 4.740516718730733
  },
  "04_Add_To_Cart" : {
    "transaction" : "04_Add_To_Cart",
    "sampleCount" : 300,
    "errorCount" : 0,
    "errorPct" : 0.0,
    "meanResTime" : 509.7733333333336,
    "medianResTime" : 465.0,
    "minResTime" : 368.0,
    "maxResTime" : 916.0,
    "pct1ResTime" : 717.5000000000002,
    "pct2ResTime" : 786.95,
    "pct3ResTime" : 876.96,
    "throughput" : 4.645472986574583,
    "receivedKBytesPerSec" : 0.8937091585499931,
    "sentKBytesPerSec" : 1.3246856563279086
  },
  "01_Homepage" : {
    "transaction" : "01_Homepage",
    "sampleCount" : 300,
    "errorCount" : 4,
    "errorPct" : 1.3333334,
    "meanResTime" : 508.35333333333335,
    "medianResTime" : 502.5,
    "minResTime" : 243.0,
    "maxResTime" : 2587.0,
    "pct1ResTime" : 741.7000000000005,
    "pct2ResTime" : 791.9,
    "pct3ResTime" : 2525.9000000000037,
    "throughput" : 4.4381980915748205,
    "receivedKBytesPerSec" : 36.18372464217028,
    "sentKBytesPerSec" : 0.6978026296323693
  },
  "03_View_Product" : {
    "transaction" : "03_View_Product",
    "sampleCount" : 300,
    "errorCount" : 300,
    "errorPct" : 100.0,
    "meanResTime" : 301.6166666666668,
    "medianResTime" : 265.0,
    "minResTime" : 240.0,
    "maxResTime" : 675.0,
    "pct1ResTime" : 376.0,
    "pct2ResTime" : 424.9,
    "pct3ResTime" : 448.99,
    "throughput" : 4.64496949803363,
    "receivedKBytesPerSec" : 43.73807307311182,
    "sentKBytesPerSec" : 0.7575292052457189
  }
}