{
  "02_Login" : {
    "transaction" : "02_Login",
    "sampleCount" : 275,
    "errorCount" : 1,
    "errorPct" : 0.36363637,
    "meanResTime" : 103.90909090909088,
    "medianResTime" : 103.0,
    "minResTime" : 78.0,
    "maxResTime" : 202.0,
    "pct1ResTime" : 121.0,
    "pct2ResTime" : 129.2,
    "pct3ResTime" : 147.48000000000002,
    "throughput" : 4.602433432076451,
    "receivedKBytesPerSec" : 1.1521610255476897,
    "sentKBytesPerSec" : 1.0382442605563087
  },
  "05_Place_Order" : {
    "transaction" : "05_Place_Order",
    "sampleCount" : 275,
    "errorCount" : 0,
    "errorPct" : 0.0,
    "meanResTime" : 124.13818181818185,
    "medianResTime" : 116.0,
    "minResTime" : 78.0,
    "maxResTime" : 523.0,
    "pct1ResTime" : 171.4,
    "pct2ResTime" : 187.39999999999998,
    "pct3ResTime" : 268.84000000000015,
    "throughput" : 4.607831638209816,
    "receivedKBytesPerSec" : 0.9270315824969421,
    "sentKBytesPerSec" : 1.4936017901425915
  },
  "Total" : {
    "transaction" : "Total",
    "sampleCount" : 1375,
    "errorCount" : 1,
    "errorPct" : 0.07272727,
    "meanResTime" : 78.24581818181828,
    "medianResTime" : 89.0,
    "minResTime" : 16.0,
    "maxResTime" : 523.0,
    "pct1ResTime" : 129.0,
    "pct2ResTime" : 151.0,
    "pct3ResTime" : 202.0,
    "throughput" : 21.36453332090306,
    "receivedKBytesPerSec" : 53.187749212425615,
    "sentKBytesPerSec" : 4.948241383295266
  },
  "04_Add_To_Cart" : {
    "transaction" : "04_Add_To_Cart",
    "sampleCount" : 275,
    "errorCount" : 0,
    "errorPct" : 0.0,
    "meanResTime" : 96.35999999999996,
    "medianResTime" : 95.0,
    "minResTime" : 83.0,
    "maxResTime" : 186.0,
    "pct1ResTime" : 104.4,
    "pct2ResTime" : 110.19999999999999,
    "pct3ResTime" : 138.0400000000002,
    "throughput" : 4.606905332283517,
    "receivedKBytesPerSec" : 0.8862894047459502,
    "sentKBytesPerSec" : 1.3178268651684453
  },
  "01_Homepage" : {
    "transaction" : "01_Homepage",
    "sampleCount" : 275,
    "errorCount" : 0,
    "errorPct" : 0.0,
    "meanResTime" : 40.39272727272729,
    "medianResTime" : 39.0,
    "minResTime" : 17.0,
    "maxResTime" : 411.0,
    "pct1ResTime" : 69.0,
    "pct2ResTime" : 93.0,
    "pct3ResTime" : 177.6800000000028,
    "throughput" : 4.576925637440916,
    "receivedKBytesPerSec" : 29.468103379227415,
    "sentKBytesPerSec" : 0.7240839387357699
  },
  "03_View_Product" : {
    "transaction" : "03_View_Product",
    "sampleCount" : 275,
    "errorCount" : 0,
    "errorPct" : 0.0,
    "meanResTime" : 26.429090909090913,
    "medianResTime" : 20.0,
    "minResTime" : 16.0,
    "maxResTime" : 78.0,
    "pct1ResTime" : 67.0,
    "pct2ResTime" : 70.0,
    "pct3ResTime" : 78.0,
    "throughput" : 4.608912799369835,
    "receivedKBytesPerSec" : 24.728486590158713,
    "sentKBytesPerSec" : 0.7561497561466137
  }
}