{
  "02_Login" : {
    "transaction" : "02_Login",
    "sampleCount" : 1050,
    "errorCount" : 0,
    "errorPct" : 0.0,
    "meanResTime" : 520.2733333333339,
    "medianResTime" : 463.0,
    "minResTime" : 80.0,
    "maxResTime" : 1465.0,
    "pct1ResTime" : 1100.0,
    "pct2ResTime" : 1185.4499999999998,
    "pct3ResTime" : 1401.6000000000004,
    "throughput" : 12.537762546718092,
    "receivedKBytesPerSec" : 3.134487280141378,
    "sentKBytesPerSec" : 2.8283429182537883
  },
  "05_Place_Order" : {
    "transaction" : "05_Place_Order",
    "sampleCount" : 1050,
    "errorCount" : 0,
    "errorPct" : 0.0,
    "meanResTime" : 561.4780952380953,
    "medianResTime" : 521.0,
    "minResTime" : 75.0,
    "maxResTime" : 1484.0,
    "pct1ResTime" : 1163.9,
    "pct2ResTime" : 1243.4499999999998,
    "pct3ResTime" : 1425.98,
    "throughput" : 12.54930082466834,
    "receivedKBytesPerSec" : 2.524659749611569,
    "sentKBytesPerSec" : 4.0687186267479385
  },
  "Total" : {
    "transaction" : "Total",
    "sampleCount" : 5250,
    "errorCount" : 0,
    "errorPct" : 0.0,
    "meanResTime" : 332.5912380952374,
    "medianResTime" : 98.0,
    "minResTime" : 16.0,
    "maxResTime" : 1484.0,
    "pct1ResTime" : 1017.0,
    "pct2ResTime" : 1155.0,
    "pct3ResTime" : 1342.9799999999996,
    "throughput" : 59.42813157954314,
    "receivedKBytesPerSec" : 145.90636567261325,
    "sentKBytesPerSec" : 13.76596954166761
  },
  "04_Add_To_Cart" : {
    "transaction" : "04_Add_To_Cart",
    "sampleCount" : 1050,
    "errorCount" : 0,
    "errorPct" : 0.0,
    "meanResTime" : 529.5390476190473,
    "medianResTime" : 478.0,
    "minResTime" : 84.0,
    "maxResTime" : 1448.0,
    "pct1ResTime" : 1133.8,
    "pct2ResTime" : 1226.4499999999998,
    "pct3ResTime" : 1380.98,
    "throughput" : 12.549000860502916,
    "receivedKBytesPerSec" : 2.4142587648795297,
    "sentKBytesPerSec" : 3.5906809102806196
  },
  "01_Homepage" : {
    "transaction" : "01_Homepage",
    "sampleCount" : 1050,
    "errorCount" : 0,
    "errorPct" : 0.0,
    "meanResTime" : 28.944761904761904,
    "medianResTime" : 21.0,
    "minResTime" : 16.0,
    "maxResTime" : 387.0,
    "pct1ResTime" : 44.0,
    "pct2ResTime" : 67.44999999999993,
    "pct3ResTime" : 94.98000000000002,
    "throughput" : 12.49271258432581,
    "receivedKBytesPerSec" : 78.4776588656617,
    "sentKBytesPerSec" : 1.976386170567169
  },
  "03_View_Product" : {
    "transaction" : "03_View_Product",
    "sampleCount" : 1050,
    "errorCount" : 0,
    "errorPct" : 0.0,
    "meanResTime" : 22.72095238095239,
    "medianResTime" : 19.0,
    "minResTime" : 16.0,
    "maxResTime" : 147.0,
    "pct1ResTime" : 22.0,
    "pct2ResTime" : 66.0,
    "pct3ResTime" : 75.0,
    "throughput" : 12.552601377199693,
    "receivedKBytesPerSec" : 67.16171766659096,
    "sentKBytesPerSec" : 2.059411163446825
  }
}