{
  "02_Login" : {
    "transaction" : "02_Login",
    "sampleCount" : 50,
    "errorCount" : 0,
    "errorPct" : 0.0,
    "meanResTime" : 1320.0400000000006,
    "medianResTime" : 1169.5,
    "minResTime" : 714.0,
    "maxResTime" : 2224.0,
    "pct1ResTime" : 2145.4,
    "pct2ResTime" : 2189.7999999999997,
    "pct3ResTime" : 2224.0,
    "throughput" : 5.787706910522051,
    "receivedKBytesPerSec" : 1.4469267276305129,
    "sentKBytesPerSec" : 1.299973231855539
  },
  "05_Place_Order" : {
    "transaction" : "05_Place_Order",
    "sampleCount" : 50,
    "errorCount" : 0,
    "errorPct" : 0.0,
    "meanResTime" : 1361.4199999999996,
    "medianResTime" : 1295.0,
    "minResTime" : 819.0,
    "maxResTime" : 1899.0,
    "pct1ResTime" : 1867.7,
    "pct2ResTime" : 1887.6,
    "pct3ResTime" : 1899.0,
    "throughput" : 5.457323728443571,
    "receivedKBytesPerSec" : 1.097860046932984,
    "sentKBytesPerSec" : 1.7640372598777558
  },
  "Total" : {
    "transaction" : "Total",
    "sampleCount" : 250,
    "errorCount" : 0,
    "errorPct" : 0.0,
    "meanResTime" : 1025.8279999999997,
    "medianResTime" : 908.0,
    "minResTime" : 256.0,
    "maxResTime" : 3103.0,
    "pct1ResTime" : 1867.7,
    "pct2ResTime" : 2133.7,
    "pct3ResTime" : 3022.98,
    "throughput" : 13.79843249806822,
    "receivedKBytesPerSec" : 55.432291954134016,
    "sentKBytesPerSec" : 3.182802496136439
  },
  "04_Add_To_Cart" : {
    "transaction" : "04_Add_To_Cart",
    "sampleCount" : 50,
    "errorCount" : 0,
    "errorPct" : 0.0,
    "meanResTime" : 1068.6600000000005,
    "medianResTime" : 1071.5,
    "minResTime" : 590.0,
    "maxResTime" : 2062.0,
    "pct1ResTime" : 1776.9999999999998,
    "pct2ResTime" : 1894.85,
    "pct3ResTime" : 2062.0,
    "throughput" : 5.773672055427252,
    "receivedKBytesPerSec" : 1.1107552684757505,
    "sentKBytesPerSec" : 1.6463986720554271
  },
  "01_Homepage" : {
    "transaction" : "01_Homepage",
    "sampleCount" : 50,
    "errorCount" : 0,
    "errorPct" : 0.0,
    "meanResTime" : 1063.52,
    "medianResTime" : 658.5,
    "minResTime" : 583.0,
    "maxResTime" : 3103.0,
    "pct1ResTime" : 2700.0999999999995,
    "pct2ResTime" : 3022.9,
    "pct3ResTime" : 3103.0,
    "throughput" : 4.940711462450593,
    "receivedKBytesPerSec" : 44.650328866106726,
    "sentKBytesPerSec" : 0.7768110795454546
  },
  "03_View_Product" : {
    "transaction" : "03_View_Product",
    "sampleCount" : 50,
    "errorCount" : 0,
    "errorPct" : 0.0,
    "meanResTime" : 315.5,
    "medianResTime" : 317.0,
    "minResTime" : 256.0,
    "maxResTime" : 447.0,
    "pct1ResTime" : 392.5,
    "pct2ResTime" : 434.34999999999997,
    "pct3ResTime" : 447.0,
    "throughput" : 6.298815822625347,
    "receivedKBytesPerSec" : 65.54336144179895,
    "sentKBytesPerSec" : 1.0272482835726884
  }
}