{
  "02_Login" : {
    "transaction" : "02_Login",
    "sampleCount" : 300,
    "errorCount" : 0,
    "errorPct" : 0.0,
    "meanResTime" : 881.0299999999996,
    "medianResTime" : 851.0,
    "minResTime" : 369.0,
    "maxResTime" : 1693.0,
    "pct1ResTime" : 1271.9,
    "pct2ResTime" : 1332.6999999999998,
    "pct3ResTime" : 1565.5300000000004,
    "throughput" : 4.666210414981646,
    "receivedKBytesPerSec" : 1.1666133616935233,
    "sentKBytesPerSec" : 1.0480746049275182
  },
  "05_Place_Order" : {
    "transaction" : "05_Place_Order",
    "sampleCount" : 300,
    "errorCount" : 0,
    "errorPct" : 0.0,
    "meanResTime" : 735.3266666666665,
    "medianResTime" : 794.5,
    "minResTime" : 357.0,
    "maxResTime" : 1439.0,
    "pct1ResTime" : 1011.8000000000001,
    "pct2ResTime" : 1089.8,
    "pct3ResTime" : 1206.97,
    "throughput" : 4.712683401929058,
    "receivedKBytesPerSec" : 0.9480593562474473,
    "sentKBytesPerSec" : 1.5233380918344905
  },
  "Total" : {
    "transaction" : "Total",
    "sampleCount" : 1500,
    "errorCount" : 306,
    "errorPct" : 20.4,
    "meanResTime" : 626.407999999999,
    "medianResTime" : 576.0,
    "minResTime" : 245.0,
    "maxResTime" : 3878.0,
    "pct1ResTime" : 1025.8000000000002,
    "pct2ResTime" : 1175.95,
    "pct3ResTime" : 1418.7100000000003,
    "throughput" : 20.435967302452315,
    "receivedKBytesPerSec" : 72.16899320929836,
    "sentKBytesPerSec" : 4.713843239100817
  },
  "04_Add_To_Cart" : {
    "transaction" : "04_Add_To_Cart",
    "sampleCount" : 300,
    "errorCount" : 0,
    "errorPct" : 0.0,
    "meanResTime" : 689.1166666666669,
    "medianResTime" : 722.5,
    "minResTime" : 369.0,
    "maxResTime" : 1186.0,
    "pct1ResTime" : 977.9000000000001,
    "pct2ResTime" : 1016.9,
    "pct3ResTime" : 1080.97,
    "throughput" : 4.714090416254184,
    "receivedKBytesPerSec" : 0.9069099726582756,
    "sentKBytesPerSec" : 1.344252345259982
  },
  "01_Homepage" : {
    "transaction" : "01_Homepage",
    "sampleCount" : 300,
    "errorCount" : 6,
    "errorPct" : 2.0,
    "meanResTime" : 525.8299999999997,
    "medianResTime" : 504.5,
    "minResTime" : 245.0,
    "maxResTime" : 3878.0,
    "pct1ResTime" : 704.5000000000002,
    "pct2ResTime" : 801.8999999999997,
    "pct3ResTime" : 3429.1000000000035,
    "throughput" : 4.424778761061947,
    "receivedKBytesPerSec" : 34.10497614767699,
    "sentKBytesPerSec" : 0.6956927544247787
  },
  "03_View_Product" : {
    "transaction" : "03_View_Product",
    "sampleCount" : 300,
    "errorCount" : 300,
    "errorPct" : 100.0,
    "meanResTime" : 300.73666666666685,
    "medianResTime" : 265.5,
    "minResTime" : 246.0,
    "maxResTime" : 457.0,
    "pct1ResTime" : 375.0,
    "pct2ResTime" : 384.9,
    "pct3ResTime" : 454.95000000000005,
    "throughput" : 4.715498270983967,
    "receivedKBytesPerSec" : 43.8826847885885,
    "sentKBytesPerSec" : 0.7690314563030494
  }
}