{
  "02_Login" : {
    "transaction" : "02_Login",
    "sampleCount" : 50,
    "errorCount" : 0,
    "errorPct" : 0.0,
    "meanResTime" : 910.0799999999998,
    "medianResTime" : 812.5,
    "minResTime" : 696.0,
    "maxResTime" : 1592.0,
    "pct1ResTime" : 1206.5,
    "pct2ResTime" : 1470.2499999999995,
    "pct3ResTime" : 1592.0,
    "throughput" : 5.7696745903531035,
    "receivedKBytesPerSec" : 1.4424186475882759,
    "sentKBytesPerSec" : 1.2959230036925917
  },
  "05_Place_Order" : {
    "transaction" : "05_Place_Order",
    "sampleCount" : 50,
    "errorCount" : 0,
    "errorPct" : 0.0,
    "meanResTime" : 722.72,
    "medianResTime" : 492.0,
    "minResTime" : 359.0,
    "maxResTime" : 1366.0,
    "pct1ResTime" : 1236.2,
    "pct2ResTime" : 1285.05,
    "pct3ResTime" : 1366.0,
    "throughput" : 6.187353050365053,
    "receivedKBytesPerSec" : 1.2447214144289074,
    "sentKBytesPerSec" : 2.000013534834798
  },
  "Total" : {
    "transaction" : "Total",
    "sampleCount" : 250,
    "errorCount" : 1,
    "errorPct" : 0.4,
    "meanResTime" : 671.228,
    "medianResTime" : 593.0,
    "minResTime" : 256.0,
    "maxResTime" : 2371.0,
    "pct1ResTime" : 1197.9,
    "pct2ResTime" : 1308.25,
    "pct3ResTime" : 2314.29,
    "throughput" : 15.427337241592102,
    "receivedKBytesPerSec" : 63.884061150107996,
    "sentKBytesPerSec" : 3.5585322817031786
  },
  "04_Add_To_Cart" : {
    "transaction" : "04_Add_To_Cart",
    "sampleCount" : 50,
    "errorCount" : 1,
    "errorPct" : 2.0,
    "meanResTime" : 525.92,
    "medianResTime" : 398.5,
    "minResTime" : 356.0,
    "maxResTime" : 1205.0,
    "pct1ResTime" : 1079.5,
    "pct2ResTime" : 1173.35,
    "pct3ResTime" : 1205.0,
    "throughput" : 6.249218847644045,
    "receivedKBytesPerSec" : 1.2200623359580054,
    "sentKBytesPerSec" : 1.7820038120234971
  },
  "01_Homepage" : {
    "transaction" : "01_Homepage",
    "sampleCount" : 50,
    "errorCount" : 0,
    "errorPct" : 0.0,
    "meanResTime" : 872.56,
    "medianResTime" : 659.5,
    "minResTime" : 584.0,
    "maxResTime" : 2371.0,
    "pct1ResTime" : 1841.2999999999997,
    "pct2ResTime" : 2313.45,
    "pct3ResTime" : 2371.0,
    "throughput" : 4.965736418710895,
    "receivedKBytesPerSec" : 44.97764254767107,
    "sentKBytesPerSec" : 0.7807456673949746
  },
  "03_View_Product" : {
    "transaction" : "03_View_Product",
    "sampleCount" : 50,
    "errorCount" : 0,
    "errorPct" : 0.0,
    "meanResTime" : 324.85999999999996,
    "medianResTime" : 322.5,
    "minResTime" : 256.0,
    "maxResTime" : 449.0,
    "pct1ResTime" : 433.59999999999997,
    "pct2ResTime" : 442.7,
    "pct3ResTime" : 449.0,
    "throughput" : 6.290890790135883,
    "receivedKBytesPerSec" : 69.204959187846,
    "sentKBytesPerSec" : 1.0259558222194263
  }
}