{
  "02_Login" : {
    "transaction" : "02_Login",
    "sampleCount" : 50,
    "errorCount" : 1,
    "errorPct" : 2.0,
    "meanResTime" : 862.7000000000002,
    "medianResTime" : 763.5,
    "minResTime" : 715.0,
    "maxResTime" : 2133.0,
    "pct1ResTime" : 1110.6,
    "pct2ResTime" : 1232.6499999999996,
    "pct3ResTime" : 2133.0,
    "throughput" : 1.022745868106693,
    "receivedKBytesPerSec" : 0.2559261730895107,
    "sentKBytesPerSec" : 0.22971831021927672
  },
  "05_Place_Order" : {
    "transaction" : "05_Place_Order",
    "sampleCount" : 50,
    "errorCount" : 0,
    "errorPct" : 0.0,
    "meanResTime" : 453.18000000000006,
    "medianResTime" : 432.0,
    "minResTime" : 363.0,
    "maxResTime" : 1051.0,
    "pct1ResTime" : 513.8,
    "pct2ResTime" : 545.5999999999999,
    "pct3ResTime" : 1051.0,
    "throughput" : 1.0391121825512282,
    "receivedKBytesPerSec" : 0.2092836880169583,
    "sentKBytesPerSec" : 0.33588489494575835
  },
  "Total" : {
    "transaction" : "Total",
    "sampleCount" : 250,
    "errorCount" : 1,
    "errorPct" : 0.4,
    "meanResTime" : 563.5280000000001,
    "medianResTime" : 451.5,
    "minResTime" : 252.0,
    "maxResTime" : 2133.0,
    "pct1ResTime" : 799.7,
    "pct2ResTime" : 1048.25,
    "pct3ResTime" : 1432.5100000000027,
    "throughput" : 4.496079418746852,
    "receivedKBytesPerSec" : 15.169631456370045,
    "sentKBytesPerSec" : 1.0370839440507877
  },
  "04_Add_To_Cart" : {
    "transaction" : "04_Add_To_Cart",
    "sampleCount" : 50,
    "errorCount" : 0,
    "errorPct" : 0.0,
    "meanResTime" : 414.26,
    "medianResTime" : 405.0,
    "minResTime" : 375.0,
    "maxResTime" : 561.0,
    "pct1ResTime" : 482.69999999999993,
    "pct2ResTime" : 532.0499999999998,
    "pct3ResTime" : 561.0,
    "throughput" : 1.0381197574952246,
    "receivedKBytesPerSec" : 0.19971639865874927,
    "sentKBytesPerSec" : 0.29602633709824766
  },
  "01_Homepage" : {
    "transaction" : "01_Homepage",
    "sampleCount" : 50,
    "errorCount" : 0,
    "errorPct" : 0.0,
    "meanResTime" : 719.58,
    "medianResTime" : 688.0,
    "minResTime" : 578.0,
    "maxResTime" : 1585.0,
    "pct1ResTime" : 934.7999999999998,
    "pct2ResTime" : 1205.95,
    "pct3ResTime" : 1585.0,
    "throughput" : 1.0095707305253807,
    "receivedKBytesPerSec" : 6.191251659481888,
    "sentKBytesPerSec" : 0.1587313355611194
  },
  "03_View_Product" : {
    "transaction" : "03_View_Product",
    "sampleCount" : 50,
    "errorCount" : 0,
    "errorPct" : 0.0,
    "meanResTime" : 367.92,
    "medianResTime" : 368.0,
    "minResTime" : 252.0,
    "maxResTime" : 672.0,
    "pct1ResTime" : 449.8,
    "pct2ResTime" : 599.5999999999997,
    "pct3ResTime" : 672.0,
    "throughput" : 1.0371507394884774,
    "receivedKBytesPerSec" : 10.4682338554523,
    "sentKBytesPerSec" : 0.16914470067829657
  }
}