{
  "02_Login" : {
    "transaction" : "02_Login",
    "sampleCount" : 9099,
    "errorCount" : 8193,
    "errorPct" : 90.04286,
    "meanResTime" : 4387.834157599745,
    "medianResTime" : 4825.0,
    "minResTime" : 77.0,
    "maxResTime" : 6187.0,
    "pct1ResTime" : 5419.0,
    "pct2ResTime" : 5563.0,
    "pct3ResTime" : 5819.0,
    "throughput" : 15.094884262600223,
    "receivedKBytesPerSec" : 3.773734026281257,
    "sentKBytesPerSec" : 3.405193617832667
  },
  "05_Place_Order" : {
    "transaction" : "05_Place_Order",
    "sampleCount" : 8897,
    "errorCount" : 8137,
    "errorPct" : 91.457794,
    "meanResTime" : 4530.700011239742,
    "medianResTime" : 4924.0,
    "minResTime" : 78.0,
    "maxResTime" : 6222.0,
    "pct1ResTime" : 5510.2,
    "pct2ResTime" : 5659.1,
    "pct3ResTime" : 5903.0,
    "throughput" : 14.841789889499813,
    "receivedKBytesPerSec" : 2.985757216751521,
    "sentKBytesPerSec" : 4.811986565736268
  },
  "Total" : {
    "transaction" : "Total",
    "sampleCount" : 45100,
    "errorCount" : 33447,
    "errorPct" : 74.161865,
    "meanResTime" : 2679.157494456772,
    "medianResTime" : 4631.0,
    "minResTime" : 16.0,
    "maxResTime" : 6222.0,
    "pct1ResTime" : 5362.0,
    "pct2ResTime" : 5547.0,
    "pct3ResTime" : 5849.0,
    "throughput" : 74.63921620548126,
    "receivedKBytesPerSec" : 184.56225582705133,
    "sentKBytesPerSec" : 17.25729971741361
  },
  "04_Add_To_Cart" : {
    "transaction" : "04_Add_To_Cart",
    "sampleCount" : 8987,
    "errorCount" : 8168,
    "errorPct" : 90.88683,
    "meanResTime" : 4464.509513742064,
    "medianResTime" : 4870.0,
    "minResTime" : 85.0,
    "maxResTime" : 6194.0,
    "pct1ResTime" : 5482.0,
    "pct2ResTime" : 5631.6,
    "pct3ResTime" : 5861.120000000001,
    "throughput" : 14.960804257678086,
    "receivedKBytesPerSec" : 2.8782146059491964,
    "sentKBytesPerSec" : 4.280776999511406
  },
  "01_Homepage" : {
    "transaction" : "01_Homepage",
    "sampleCount" : 9118,
    "errorCount" : 0,
    "errorPct" : 0.0,
    "meanResTime" : 26.79688528186002,
    "medianResTime" : 21.0,
    "minResTime" : 16.0,
    "maxResTime" : 348.0,
    "pct1ResTime" : 41.0,
    "pct2ResTime" : 65.0,
    "pct3ResTime" : 79.0,
    "throughput" : 15.222062140337464,
    "receivedKBytesPerSec" : 96.08752607475137,
    "sentKBytesPerSec" : 2.4081777995455753
  },
  "03_View_Product" : {
    "transaction" : "03_View_Product",
    "sampleCount" : 8999,
    "errorCount" : 8949,
    "errorPct" : 99.44438,
    "meanResTime" : 25.4007111901322,
    "medianResTime" : 21.0,
    "minResTime" : 16.0,
    "maxResTime" : 162.0,
    "pct1ResTime" : 40.0,
    "pct2ResTime" : 64.0,
    "pct3ResTime" : 76.0,
    "throughput" : 15.082746437562223,
    "receivedKBytesPerSec" : 80.73522378683532,
    "sentKBytesPerSec" : 2.474513087412552
  }
}