{
  "02_Login" : {
    "transaction" : "02_Login",
    "sampleCount" : 300,
    "errorCount" : 0,
    "errorPct" : 0.0,
    "meanResTime" : 644.2500000000002,
    "medianResTime" : 704.0,
    "minResTime" : 364.0,
    "maxResTime" : 1770.0,
    "pct1ResTime" : 898.8000000000001,
    "pct2ResTime" : 1112.75,
    "pct3ResTime" : 1435.98,
    "throughput" : 4.558646993572308,
    "receivedKBytesPerSec" : 1.1396617483930769,
    "sentKBytesPerSec" : 1.023914852071905
  },
  "05_Place_Order" : {
    "transaction" : "05_Place_Order",
    "sampleCount" : 300,
    "errorCount" : 0,
    "errorPct" : 0.0,
    "meanResTime" : 479.2000000000001,
    "medianResTime" : 438.0,
    "minResTime" : 353.0,
    "maxResTime" : 880.0,
    "pct1ResTime" : 663.8000000000004,
    "pct2ResTime" : 743.9,
    "pct3ResTime" : 858.6700000000003,
    "throughput" : 4.580782092195874,
    "receivedKBytesPerSec" : 0.9215841680536256,
    "sentKBytesPerSec" : 1.480702023942221
  },
  "Total" : {
    "transaction" : "Total",
    "sampleCount" : 1500,
    "errorCount" : 300,
    "errorPct" : 20.0,
    "meanResTime" : 474.32066666666606,
    "medianResTime" : 406.0,
    "minResTime" : 241.0,
    "maxResTime" : 1770.0,
    "pct1ResTime" : 737.0,
    "pct2ResTime" : 821.5000000000005,
    "pct3ResTime" : 1241.0,
    "throughput" : 20.65575124967295,
    "receivedKBytesPerSec" : 73.45857532119693,
    "sentKBytesPerSec" : 4.7645394972390145
  },
  "04_Add_To_Cart" : {
    "transaction" : "04_Add_To_Cart",
    "sampleCount" : 300,
    "errorCount" : 0,
    "errorPct" : 0.0,
    "meanResTime" : 457.7699999999999,
    "medianResTime" : 398.5,
    "minResTime" : 365.0,
    "maxResTime" : 934.0,
    "pct1ResTime" : 630.7,
    "pct2ResTime" : 723.6999999999999,
    "pct3ResTime" : 830.4600000000005,
    "throughput" : 4.585963893177614,
    "receivedKBytesPerSec" : 0.8823203448644847,
    "sentKBytesPerSec" : 1.307716266413929
  },
  "01_Homepage" : {
    "transaction" : "01_Homepage",
    "sampleCount" : 300,
    "errorCount" : 0,
    "errorPct" : 0.0,
    "meanResTime" : 492.0633333333336,
    "medianResTime" : 504.5,
    "minResTime" : 241.0,
    "maxResTime" : 1617.0,
    "pct1ResTime" : 709.9000000000001,
    "pct2ResTime" : 801.9999999999998,
    "pct3ResTime" : 1500.2500000000016,
    "throughput" : 4.474539868150225,
    "receivedKBytesPerSec" : 35.00840957141365,
    "sentKBytesPerSec" : 0.7035165222384631
  },
  "03_View_Product" : {
    "transaction" : "03_View_Product",
    "sampleCount" : 300,
    "errorCount" : 300,
    "errorPct" : 100.0,
    "meanResTime" : 298.3200000000001,
    "medianResTime" : 265.0,
    "minResTime" : 246.0,
    "maxResTime" : 464.0,
    "pct1ResTime" : 374.80000000000007,
    "pct2ResTime" : 383.95,
    "pct3ResTime" : 445.98,
    "throughput" : 4.587857470561248,
    "receivedKBytesPerSec" : 42.73191977940052,
    "sentKBytesPerSec" : 0.7482150367028597
  }
}