{
  "02_Login" : {
    "transaction" : "02_Login",
    "sampleCount" : 4050,
    "errorCount" : 3640,
    "errorPct" : 89.87654,
    "meanResTime" : 6295.894567901234,
    "medianResTime" : 7262.5,
    "minResTime" : 81.0,
    "maxResTime" : 10092.0,
    "pct1ResTime" : 9177.8,
    "pct2ResTime" : 9431.499999999998,
    "pct3ResTime" : 9772.49,
    "throughput" : 14.856497241460264,
    "receivedKBytesPerSec" : 3.7141386395483624,
    "sentKBytesPerSec" : 3.351416858180978
  },
  "05_Place_Order" : {
    "transaction" : "05_Place_Order",
    "sampleCount" : 4050,
    "errorCount" : 3640,
    "errorPct" : 89.87654,
    "meanResTime" : 6366.92913580247,
    "medianResTime" : 7303.5,
    "minResTime" : 78.0,
    "maxResTime" : 10147.0,
    "pct1ResTime" : 9236.9,
    "pct2ResTime" : 9559.45,
    "pct3ResTime" : 9869.369999999997,
    "throughput" : 14.842232564957673,
    "receivedKBytesPerSec" : 2.985854069703522,
    "sentKBytesPerSec" : 4.81213008941987
  },
  "Total" : {
    "transaction" : "Total",
    "sampleCount" : 20250,
    "errorCount" : 14925,
    "errorPct" : 73.703705,
    "meanResTime" : 3815.9291358024634,
    "medianResTime" : 3446.0,
    "minResTime" : 16.0,
    "maxResTime" : 10159.0,
    "pct1ResTime" : 8947.0,
    "pct2ResTime" : 9269.0,
    "pct3ResTime" : 9762.0,
    "throughput" : 72.966925263852,
    "receivedKBytesPerSec" : 180.6555257638556,
    "sentKBytesPerSec" : 16.90210417244697
  },
  "04_Add_To_Cart" : {
    "transaction" : "04_Add_To_Cart",
    "sampleCount" : 4050,
    "errorCount" : 3645,
    "errorPct" : 90.0,
    "meanResTime" : 6361.267160493825,
    "medianResTime" : 7290.5,
    "minResTime" : 85.0,
    "maxResTime" : 10159.0,
    "pct1ResTime" : 9204.9,
    "pct2ResTime" : 9440.45,
    "pct3ResTime" : 9803.49,
    "throughput" : 14.842178172103301,
    "receivedKBytesPerSec" : 2.8553799803753424,
    "sentKBytesPerSec" : 4.246834184010027
  },
  "01_Homepage" : {
    "transaction" : "01_Homepage",
    "sampleCount" : 4050,
    "errorCount" : 0,
    "errorPct" : 0.0,
    "meanResTime" : 29.802469135802482,
    "medianResTime" : 22.0,
    "minResTime" : 17.0,
    "maxResTime" : 395.0,
    "pct1ResTime" : 43.0,
    "pct2ResTime" : 66.0,
    "pct3ResTime" : 89.0,
    "throughput" : 14.911854371934785,
    "receivedKBytesPerSec" : 95.16229701008115,
    "sentKBytesPerSec" : 2.3591019611849955
  },
  "03_View_Product" : {
    "transaction" : "03_View_Product",
    "sampleCount" : 4050,
    "errorCount" : 4000,
    "errorPct" : 98.765434,
    "meanResTime" : 25.752345679012265,
    "medianResTime" : 21.0,
    "minResTime" : 16.0,
    "maxResTime" : 130.0,
    "pct1ResTime" : 40.0,
    "pct2ResTime" : 65.0,
    "pct3ResTime" : 78.0,
    "throughput" : 14.862439862164631,
    "receivedKBytesPerSec" : 79.57445701062206,
    "sentKBytesPerSec" : 2.4383690398863846
  }
}