{
  "02_Login" : {
    "transaction" : "02_Login",
    "sampleCount" : 50,
    "errorCount" : 0,
    "errorPct" : 0.0,
    "meanResTime" : 910.28,
    "medianResTime" : 820.5,
    "minResTime" : 705.0,
    "maxResTime" : 1566.0,
    "pct1ResTime" : 1260.8999999999999,
    "pct2ResTime" : 1364.1,
    "pct3ResTime" : 1566.0,
    "throughput" : 5.8132775258690845,
    "receivedKBytesPerSec" : 1.4537735437739796,
    "sentKBytesPerSec" : 1.3057166317870015
  },
  "05_Place_Order" : {
    "transaction" : "05_Place_Order",
    "sampleCount" : 50,
    "errorCount" : 0,
    "errorPct" : 0.0,
    "meanResTime" : 605.3600000000001,
    "medianResTime" : 448.0,
    "minResTime" : 365.0,
    "maxResTime" : 1147.0,
    "pct1ResTime" : 1072.8,
    "pct2ResTime" : 1100.05,
    "pct3ResTime" : 1147.0,
    "throughput" : 6.3605139295255055,
    "receivedKBytesPerSec" : 1.280053428317008,
    "sentKBytesPerSec" : 2.055986436204045
  },
  "Total" : {
    "transaction" : "Total",
    "sampleCount" : 250,
    "errorCount" : 0,
    "errorPct" : 0.0,
    "meanResTime" : 631.5919999999999,
    "medianResTime" : 528.0,
    "minResTime" : 257.0,
    "maxResTime" : 2321.0,
    "pct1ResTime" : 1075.8,
    "pct2ResTime" : 1277.4999999999995,
    "pct3ResTime" : 2281.7700000000004,
    "throughput" : 15.580206905147701,
    "receivedKBytesPerSec" : 64.3595828983859,
    "sentKBytesPerSec" : 3.5937938193319208
  },
  "04_Add_To_Cart" : {
    "transaction" : "04_Add_To_Cart",
    "sampleCount" : 50,
    "errorCount" : 0,
    "errorPct" : 0.0,
    "meanResTime" : 438.2,
    "medianResTime" : 391.5,
    "minResTime" : 375.0,
    "maxResTime" : 1057.0,
    "pct1ResTime" : 580.9,
    "pct2ResTime" : 888.0499999999988,
    "pct3ResTime" : 1057.0,
    "throughput" : 6.384065372829418,
    "receivedKBytesPerSec" : 1.2281844516087845,
    "sentKBytesPerSec" : 1.8204561414708886
  },
  "01_Homepage" : {
    "transaction" : "01_Homepage",
    "sampleCount" : 50,
    "errorCount" : 0,
    "errorPct" : 0.0,
    "meanResTime" : 879.6600000000002,
    "medianResTime" : 657.5,
    "minResTime" : 580.0,
    "maxResTime" : 2321.0,
    "pct1ResTime" : 1828.2999999999997,
    "pct2ResTime" : 2278.85,
    "pct3ResTime" : 2321.0,
    "throughput" : 4.9072529198154875,
    "receivedKBytesPerSec" : 38.40663414589263,
    "sentKBytesPerSec" : 0.7715505079006773
  },
  "03_View_Product" : {
    "transaction" : "03_View_Product",
    "sampleCount" : 50,
    "errorCount" : 0,
    "errorPct" : 0.0,
    "meanResTime" : 324.46000000000004,
    "medianResTime" : 329.0,
    "minResTime" : 257.0,
    "maxResTime" : 502.0,
    "pct1ResTime" : 436.2999999999999,
    "pct2ResTime" : 449.84999999999997,
    "pct3ResTime" : 502.0,
    "throughput" : 6.349206349206349,
    "receivedKBytesPerSec" : 77.35912698412699,
    "sentKBytesPerSec" : 1.0354662698412698
  }
}