{
  "02_Login" : {
    "transaction" : "02_Login",
    "sampleCount" : 50,
    "errorCount" : 0,
    "errorPct" : 0.0,
    "meanResTime" : 133.83999999999995,
    "medianResTime" : 123.0,
    "minResTime" : 106.0,
    "maxResTime" : 300.0,
    "pct1ResTime" : 161.5,
    "pct2ResTime" : 242.99999999999957,
    "pct3ResTime" : 300.0,
    "throughput" : 1.047361695888058,
    "receivedKBytesPerSec" : 0.2619222491045058,
    "sentKBytesPerSec" : 0.23627007006849746
  },
  "05_Place_Order" : {
    "transaction" : "05_Place_Order",
    "sampleCount" : 50,
    "errorCount" : 0,
    "errorPct" : 0.0,
    "meanResTime" : 123.28,
    "medianResTime" : 116.5,
    "minResTime" : 82.0,
    "maxResTime" : 250.0,
    "pct1ResTime" : 163.2,
    "pct2ResTime" : 216.49999999999994,
    "pct3ResTime" : 250.0,
    "throughput" : 1.0534077741493733,
    "receivedKBytesPerSec" : 0.21199831454756135,
    "sentKBytesPerSec" : 0.3415345517749921
  },
  "Total" : {
    "transaction" : "Total",
    "sampleCount" : 250,
    "errorCount" : 0,
    "errorPct" : 0.0,
    "meanResTime" : 100.18799999999999,
    "medianResTime" : 98.0,
    "minResTime" : 18.0,
    "maxResTime" : 1366.0,
    "pct1ResTime" : 130.9,
    "pct2ResTime" : 159.24999999999994,
    "pct3ResTime" : 379.8700000000015,
    "throughput" : 4.689199834940165,
    "receivedKBytesPerSec" : 11.824971366573507,
    "sentKBytesPerSec" : 1.0862091805154368
  },
  "04_Add_To_Cart" : {
    "transaction" : "04_Add_To_Cart",
    "sampleCount" : 50,
    "errorCount" : 0,
    "errorPct" : 0.0,
    "meanResTime" : 97.83999999999999,
    "medianResTime" : 97.0,
    "minResTime" : 89.0,
    "maxResTime" : 124.0,
    "pct1ResTime" : 103.9,
    "pct2ResTime" : 114.84999999999994,
    "pct3ResTime" : 124.0,
    "throughput" : 1.05318588730911,
    "receivedKBytesPerSec" : 0.2028617035281727,
    "sentKBytesPerSec" : 0.3013510400210637
  },
  "01_Homepage" : {
    "transaction" : "01_Homepage",
    "sampleCount" : 50,
    "errorCount" : 0,
    "errorPct" : 0.0,
    "meanResTime" : 102.20000000000002,
    "medianResTime" : 55.5,
    "minResTime" : 42.0,
    "maxResTime" : 1366.0,
    "pct1ResTime" : 101.0,
    "pct2ResTime" : 267.19999999999845,
    "pct3ResTime" : 1366.0,
    "throughput" : 1.0205331265052864,
    "receivedKBytesPerSec" : 6.747617533524513,
    "sentKBytesPerSec" : 0.16145152977915664
  },
  "03_View_Product" : {
    "transaction" : "03_View_Product",
    "sampleCount" : 50,
    "errorCount" : 0,
    "errorPct" : 0.0,
    "meanResTime" : 43.779999999999994,
    "medianResTime" : 22.5,
    "minResTime" : 18.0,
    "maxResTime" : 77.0,
    "pct1ResTime" : 74.6,
    "pct2ResTime" : 76.44999999999999,
    "pct3ResTime" : 77.0,
    "throughput" : 1.0535631505752454,
    "receivedKBytesPerSec" : 5.6396494663702645,
    "sentKBytesPerSec" : 0.1728502043912512
  }
}