{
  "02_Login" : {
    "transaction" : "02_Login",
    "sampleCount" : 300,
    "errorCount" : 0,
    "errorPct" : 0.0,
    "meanResTime" : 676.1066666666668,
    "medianResTime" : 706.5,
    "minResTime" : 365.0,
    "maxResTime" : 1581.0,
    "pct1ResTime" : 1011.9000000000001,
    "pct2ResTime" : 1139.2999999999997,
    "pct3ResTime" : 1265.97,
    "throughput" : 4.6165209897821,
    "receivedKBytesPerSec" : 1.154190358395913,
    "sentKBytesPerSec" : 1.036913894189339
  },
  "05_Place_Order" : {
    "transaction" : "05_Place_Order",
    "sampleCount" : 300,
    "errorCount" : 0,
    "errorPct" : 0.0,
    "meanResTime" : 525.51,
    "medianResTime" : 488.5,
    "minResTime" : 357.0,
    "maxResTime" : 1098.0,
    "pct1ResTime" : 722.2000000000003,
    "pct2ResTime" : 851.9499999999998,
    "pct3ResTime" : 1078.2400000000007,
    "throughput" : 4.664469183406928,
    "receivedKBytesPerSec" : 0.9384814820573418,
    "sentKBytesPerSec" : 1.5077532223707941
  },
  "Total" : {
    "transaction" : "Total",
    "sampleCount" : 1500,
    "errorCount" : 303,
    "errorPct" : 20.2,
    "meanResTime" : 498.69666666666757,
    "medianResTime" : 437.0,
    "minResTime" : 241.0,
    "maxResTime" : 2570.0,
    "pct1ResTime" : 773.0,
    "pct2ResTime" : 876.0,
    "pct3ResTime" : 1219.8600000000001,
    "throughput" : 20.6058108386565,
    "receivedKBytesPerSec" : 74.54706120355107,
    "sentKBytesPerSec" : 4.753020039151041
  },
  "04_Add_To_Cart" : {
    "transaction" : "04_Add_To_Cart",
    "sampleCount" : 300,
    "errorCount" : 0,
    "errorPct" : 0.0,
    "meanResTime" : 488.69333333333356,
    "medianResTime" : 443.0,
    "minResTime" : 366.0,
    "maxResTime" : 903.0,
    "pct1ResTime" : 678.5000000000002,
    "pct2ResTime" : 785.6499999999999,
    "pct3ResTime" : 876.0,
    "throughput" : 4.6623669282772555,
    "receivedKBytesPerSec" : 0.8969592625689642,
    "sentKBytesPerSec" : 1.329503069391561
  },
  "01_Homepage" : {
    "transaction" : "01_Homepage",
    "sampleCount" : 300,
    "errorCount" : 3,
    "errorPct" : 1.0,
    "meanResTime" : 503.49999999999994,
    "medianResTime" : 507.0,
    "minResTime" : 241.0,
    "maxResTime" : 2570.0,
    "pct1ResTime" : 718.4000000000002,
    "pct2ResTime" : 826.8499999999999,
    "pct3ResTime" : 2128.0800000000036,
    "throughput" : 4.465149508089362,
    "receivedKBytesPerSec" : 36.374427670159406,
    "sentKBytesPerSec" : 0.7020401082054565
  },
  "03_View_Product" : {
    "transaction" : "03_View_Product",
    "sampleCount" : 300,
    "errorCount" : 300,
    "errorPct" : 100.0,
    "meanResTime" : 299.6733333333333,
    "medianResTime" : 263.0,
    "minResTime" : 246.0,
    "maxResTime" : 455.0,
    "pct1ResTime" : 377.0,
    "pct2ResTime" : 385.95,
    "pct3ResTime" : 450.99,
    "throughput" : 4.662946671433234,
    "receivedKBytesPerSec" : 43.36053162935014,
    "sentKBytesPerSec" : 0.7604610294231935
  }
}